agency_cd,site_no,station_nm,site_tp_cd,lat_va,long_va,dec_lat_va,dec_long_va,coord_meth_cd,coord_acy_cd,coord_datum_cd,dec_coord_datum_cd,district_cd,state_cd,county_cd,country_cd,land_net_ds,map_nm,map_scale_fc,alt_va,alt_meth_cd,alt_acy_va,alt_datum_cd,huc_cd,basin_cd,topo_cd,instruments_cd,construction_dt,inventory_dt,drain_area_va,contrib_drain_area_va,tz_cd,local_time_fg,reliability_cd,gw_file_cd,nat_aqfr_cd,aqfr_cd,aqfr_type_cd,well_depth_va,hole_depth_va,depth_src_cd,project_no,geometry
USGS,01021050,"St. Croix River at Milltown, Maine",ST,451012.0,671748.0,45.17,-67.2966667,N,5,NAD83,NAD83,23,23,29,US,,,,,,,,1050001,,,NNNNYNNNNNNNNNNNNNNNNNNNNNNNNN,,,1448.0,1448.0,EST,Y,,NNNNNNNN,,,,,,,,POINT (-67.2966667 45.17)
USGS,01022500,"Narraguagus River at Cherryfield, Maine",ST,443629.0,675607.0,44.60805556,-67.93527778,N,S,NAD83,NAD83,23,23,29,US,,Cherryfield,24000.0,43.89,X,0.18,NAVD88,1050002,,,YNNNYNYNNYNNNNNNYNNNNNNNNNNNNN,,,227.0,227.0,EST,Y,,NNNNNNNN,,,,,,,442300100,POINT (-67.93527778 44.60805556)
USGS,01036390,"Penobscot River at Eddington, Maine",ST-TS,444936.0,684148.0,44.82666667,-68.6966667,N,S,NAD83,NAD83,23,23,19,US,,Veazie,24000.0,6.6,X,0.09,NAVD88,1020005,,,YNNNYNYNNYNNNNYNYNNNNNNNNNNNNN,,,7515.0,249.0,EST,Y,,NNNNNNNN,,,,,,,442300100,POINT (-68.6966667 44.82666667)
USGS,01049265,"Kennebec River at North Sidney, Maine",ST,442820.0,694102.0,44.4722222,-69.68388889,N,S,NAD83,NAD83,23,23,11,US,,Vassalboro,24000.0,14.17,X,0.1,NAVD88,1030003,,,YNNNYNNNNYNNNNNNNNNNNNNNNNNNNN,,,5413.0,5413.0,EST,Y,,NNNNNNNN,,,,,,,442300100,POINT (-69.68388889 44.4722222)
USGS,01054200,"Wild River at Gilead, Maine",ST,442326.0,705847.0,44.39055556,-70.9797222,N,S,NAD83,NAD83,23,23,17,US,,,,682.57,X,0.11,NAVD88,1040002,,,YNNNYNYNNYNNNNNNYNNNNNNNNNNNNN,,,70.1,70.1,EST,Y,,NNNNNNNN,,,,,,,442300100,POINT (-70.9797222 44.39055556)
USGS,01059400,"ANDROSCOGGIN RIVER AT BRUNSWICK, ME",ST,435503.0,695825.0,43.9175799,-69.9731058,M,S,NAD27,NAD83,23,23,5,US,,,,,,,,1040002,,,NNNNNNNNNNNNNNNNNNNNNNNNNNNNNN,,,3434.0,3434.0,EST,Y,,NNNNNNNN,,,,,,,,POINT (-69.9731058 43.9175799)
USGS,01064140,"Presumpscot River near West Falmouth, Maine",ST,434328.55,701810.56,43.7245972,-70.3029333,N,5,NAD83,NAD83,23,23,5,US,,"PORTLAND WEST, ME",24000.0,10.54,X,0.18,NAVD88,1060001,,,YNNNYNYNNYNNNNNNYNNNNNNNNNNNNN,,,598.0,598.0,EST,Y,,NNNNNNNN,,,,,,,,POINT (-70.3029333 43.7245972)
USGS,01066000,"Saco River at Cornish, Maine",ST,434829.0,704654.0,43.80805556,-70.7816667,N,S,NAD83,NAD83,23,23,5,US,,Cornish,24000.0,262.92,X,0.1,NAVD88,1060002,,,YNNNYNYNNYNNNNNNYNNNNNNNNNNNNN,,,1294.0,1294.0,EST,Y,,NNNNNNNN,,,,,,,242500100,POINT (-70.7816667 43.80805556)
USGS,01096550,"MERRIMACK RIVER ABOVE LOWELL, MA",ST,423820.0,712217.0,42.6389799,-71.3708955,M,U,NAD27,NAD83,25,25,17,US,,,,,,,,1070002,,,NNNNNNNNNNNNNNNNNNNNNNNNNNNNNN,,,3900.0,3900.0,EST,Y,,NNNNNNNN,,,,,,,442500300,POINT (-71.3708955 42.6389799)
USGS,01101500,"IPSWICH RIVER AT SOUTH MIDDLETON, MA",ST,423410.0,710139.0,42.56953869,-71.0269974,M,S,NAD27,NAD83,25,25,9,US,,,,44.16,L,0.1,NAVD88,1090001,,,YNNNYNNNNNYNNYNNNNNNNNNNNNNNNN,,,44.5,44.5,EST,Y,,NNNNNNNN,,,,,,,442500100,POINT (-71.0269974 42.56953869)
USGS,01102500,"ABERJONA RIVER AT WINCHESTER, MA",ST,422650.5,710818.9,42.4474568,-71.1380816,N,H,NAD27,NAD83,25,25,17,US,,"LEXINGTON, MA",24000.0,-0.8,M,5.0,NAVD88,1090001,,,YNNYNNNNNNNNNNYNYNNNNNNNNNNNNN,20110928.0,20110928.0,24.5,23.9,EST,Y,C,NNNNNNNN,,,,,,,442500100,POINT (-71.1380816 42.4474568)
USGS,01104615,"CHARLES RIVER ABOVE WATERTOWN DAM AT WATERTOWN, MA",ST,422153.0,711125.0,42.3648189,-71.18977668,M,S,NAD27,NAD83,25,25,17,US,,"NEWTON, MA",24000.0,8.0,M,5.0,NGVD29,1090001,,,NNNNNNNNNNNNNNNNNNNNNNNNNNNNNN,,19981001.0,271.0,247.0,EST,Y,,NNNNNNNN,,,,,,,442515400,POINT (-71.18977668 42.3648189)
USGS,01111230,"BLACKSTONE RIVER AT MILLVILLE, MA",ST,420122.0,713422.0,42.0228757,-71.5722859,M,S,NAD27,NAD83,25,25,27,US,,,,,,,,1090003,,,YNNYNNNNNNNNNNNNYNNNNNNNNNNNNN,,20120928.0,263.0,,EST,Y,,NNNNNNNN,,,,,,,2441CK201,POINT (-71.5722859 42.0228757)
USGS,01116500,"PAWTUXET RIVER AT CRANSTON, RI",ST,414503.0,712644.0,41.75093399,-71.4450575,M,S,NAD27,NAD83,25,44,7,US,,,,7.2,X,0.09,NAVD88,1090004,,,YNNNYNNNNNYNNNNNNNNNNNNNNNNNNN,,,200.0,200.0,EST,Y,,NNNNNNNN,,,,,,,442500150,POINT (-71.4450575 41.75093399)
USGS,01118500,"PAWCATUCK RIVER AT WESTERLY, RI",ST-TS,412307.0,714959.0,41.385278,-71.833056,M,S,NAD27,NAD83,9,44,9,US,,Ashaway,24000.0,0.0,X,0.14,NAVD88,11000070303,,C,YNNNYNNNNNYNNNNNNNNNNNNNNNNNNN,,,294.0,294.0,EST,Y,,NNNNNNNNNNNNNNNNNNNN,,,,,,,,POINT (-71.833056 41.385278)
USGS,01122610,"SHETUCKET R AT SOUTH WINDHAM, CT",ST,414056.0,720959.0,41.68220542,-72.16589184,M,U,NAD27,NAD83,9,9,180,US,,Willimantic,24000.0,127.0,N,1.0,NAVD88,11000020303,,C,NNNNNNNNNNNNNNNNNNNNNNNNNNNNNN,,,408.0,,EST,Y,,NNNNNNNNNNNNNNNNNNNN,,,,,,,,POINT (-72.16589184 41.68220542)
USGS,01127000,"QUINEBAUG RIVER AT JEWETT CITY, CT",ST,413550.97,715902.74,41.59749167,-71.98409444,N,H,NAD83,NAD83,9,9,180,US,,Jewett City,24000.0,62.14,X,0.1,NAVD88,11000010704,,C,NNNNYNNNNNYNNYNNNNNNNNNNNNNNNN,,19180701.0,713.0,,EST,Y,,NNNNNNNNNNNNNNNNNNNN,,,,,,,440900100,POINT (-71.98409444 41.59749167)
USGS,01127500,"YANTIC RIVER AT YANTIC, CT",ST,413331.0,720719.0,41.55859526,-72.1214469,M,U,NAD27,NAD83,9,9,180,US,,Norwich,24000.0,93.52,L,0.0,NAVD88,11000030103,,C,NNNYYNNNNNYNNNNNNNNNNNNNNNNNNN,,19301001.0,89.3,,EST,Y,,NNNNNNNNNNNNNNNNNNNN,,,,,,,2404-00100,POINT (-72.1214469 41.55859526)
USGS,01193050,"CONNECTICUT RIVER AT MIDDLE HADDAM, CT",ST-TS,413230.0,723313.0,41.54165281,-72.55312768,M,U,NAD27,NAD83,9,9,130,US,,Middle Haddam,24000.0,26.0,N,1.0,NAVD88,10802050702,,,YNNNYNNNNNNNNNYNYNNNNNNNNNNNNN,,,10897.0,,EST,Y,,NNNNNNNNNNNNNNNNNNNN,,,,,,,,POINT (-72.55312768 41.54165281)
USGS,01193500,"SALMON RIVER NEAR EAST HAMPTON, CT",ST,413308.0,722659.0,41.55220783,-72.44923535,M,U,NAD27,NAD83,9,9,130,US,,Moodus,24000.0,63.45,L,0.0,NAVD88,10802050805,,C,NNNNYNNNNNNNNNNNYNNNNNNNNNNNNN,,19280701.0,100.0,,EST,Y,,NNNNNNNNNNNNNNNNNNNN,,,,,,,q404-00100,POINT (-72.44923535 41.55220783)
USGS,01196500,"QUINNIPIAC RIVER AT WALLINGFORD, CT",ST,412700.95,725028.59,41.45026389,-72.841275,N,H,NAD83,NAD83,9,9,170,US,,Wallingford,24000.0,18.17,X,0.1,NAVD88,11000040105,,C,NNNNYNYNNNNNNNNNYNNNNNNNNNNNNN,,19301001.0,115.0,,EST,Y,,NNNNNNNNNNNNNNNNNNNN,,,,,,,2404-00100,POINT (-72.841275 41.45026389)
USGS,01205500,"HOUSATONIC RIVER AT STEVENSON, CT",ST,412301.69,730959.9,41.38380278,-73.16663889,N,H,NAD83,NAD83,9,9,140,US,,Southbury,24000.0,23.66,X,0.1,NAVD88,11000051003,,,NNYNYNNNNNYNNYNNNNNNNNNNNNNNNN,,19280801.0,1544.0,,EST,Y,,NNNNNNNNNNNNNNNNNNNN,,,,,,,2404-00100,POINT (-73.16663889 41.38380278)
USGS,01209710,"NORWALK RIVER AT WINNIPAUK,CT.",ST,410807.0,732536.0,41.13527142,-73.42621443,M,S,NAD27,NAD83,9,9,190,US,,Norwalk North,24000.0,53.0,N,1.0,NAVD88,11000060202,,C,NNNNNNNNNNNNNNNNNNNNNNNNNNNNNN,,,33.0,33.0,EST,Y,,NNNNNNNNNNNNNNNNNNNN,,,,,,,442510000,POINT (-73.42621443 41.13527142)
USGS,01302500,GLEN COVE CREEK AT GLEN COVE NY,ST,405148.0,733803.0,40.8633333,-73.6341667,M,S,NAD83,NAD83,36,36,59,US,,"SEA CLIFF, NY",24000.0,15.68,L,0.01,NGVD29,2030201,,,NNNNNNNNNNNNNNNNNNNNNNNNNNNNNN,,,14.4,,EST,N,M,NNNNNNNN,,,,,,,,POINT (-73.6341667 40.8633333)
USGS,01304000,NISSEQUOGUE RIVER NEAR SMITHTOWN NY,ST,405059.7,731327.2,40.84991667,-73.2242222,N,1,NAD83,NAD83,36,36,103,US,,"CENTRAL ISLIP, NY",24000.0,9.59,L,0.01,NGVD29,2030201,,,NNNNNNNNNNNNNNNNNNNNNNNNNNNNNN,,,27.0,,EST,N,M,NNNNNNNN,,,,,,,RBUSCIOLANO,POINT (-73.2242222 40.84991667)
USGS,01304500,PECONIC RIVER AT RIVERHEAD NY,ST,405449.3,724113.0,40.91369444,-72.6869444,N,1,NAD83,NAD83,36,36,103,US,,"RIVERHEAD, NY",24000.0,6.54,L,0.01,NGVD29,2030202,,,YNNNYNNNNNYNNNNNNNNNNNNNNNNNNN,,,74.7,,EST,N,M,NNNNNNNN,,,,,,,,POINT (-72.6869444 40.91369444)
USGS,01305000,CARMANS RIVER AT YAPHANK NY,ST,404948.6,725422.1,40.83016667,-72.90613889,N,1,NAD83,NAD83,36,36,103,US,,"BELLPORT, NY",24000.0,17.95,L,0.01,NGVD29,2030202,,,YNYNNNNNNNNNNNNNYNNNNNNNNNNNNN,,,73.1,,EST,N,M,NNNNNNNN,,,,,,,,POINT (-72.90613889 40.83016667)
USGS,01305500,SWAN RIVER AT EAST PATCHOGUE NY,ST,404602.1,725937.8,40.76725,-72.9938333,N,1,NAD83,NAD83,36,36,103,US,,"BELLPORT, NY",24000.0,2.84,L,0.01,NGVD29,2030202,,,YNNNYNNNNNNNNNNNNNNNNNNNNNNNNN,,,8.07,,EST,N,M,NNNNNNNN,,,,,,,,POINT (-72.9938333 40.76725)
USGS,01306000,PATCHOGUE RIVER AT PATCHOGUE NY,ST,404556.0,730114.0,40.76555556,-73.02055556,M,S,NAD83,NAD83,36,36,103,US,,"PATCHOGUE, NY",24000.0,0.5,L,0.01,NGVD29,2030202,,,NNNNNNNNNNNNNNNNNNNNNNNNNNNNNN,,,13.4,,EST,N,M,NNNNNNNNNNNNNNNNNNNN,,,,,,,,POINT (-73.02055556 40.76555556)
USGS,01306499,CONNETQUOT RIVER NEAR NORTH GREAT RIVER NY,ST,404451.0,730903.0,40.74749661,-73.15037486,M,S,NAD27,NAD83,36,36,103,US,,"BAY SHORE EAST, NY",24000.0,,,,,2030202,,,NNNNNNNNNNNNNNNNNNNNNNNNNNNNNN,,,,,EST,N,M,NNNNNNNNNNNNNNNNNNNN,,,,,,,,POINT (-73.15037486 40.74749661)
USGS,01307000,CHAMPLIN CREEK AT ISLIP NY,ST,404413.0,731206.0,40.73694444,-73.2016667,M,S,NAD83,NAD83,36,36,103,US,,"BAY SHORE EAST, NY",24000.0,10.85,L,0.01,NGVD29,2030202,,,NNNNNNNNNNNNNNNNNNNNNNNNNNNNNN,,,5.18,,EST,N,M,NNNNNNNN,,,,,,,,POINT (-73.2016667 40.73694444)
USGS,01307500,PENATAQUIT CREEK AT BAY SHORE NY,ST,404337.0,731439.0,40.72694444,-73.2441667,M,S,NAD83,NAD83,36,36,103,US,,"BAY SHORE EAST, NY",24000.0,6.64,L,0.01,NGVD29,2030202,,,NNNNNNNNNNNNNNNNNNNNNNNNNNNNNN,,,5.25,,EST,N,M,NNNNNNNN,,,,,,,,POINT (-73.2441667 40.72694444)
USGS,01308000,SAMPAWAMS CREEK AT BABYLON NY,ST,404215.7,731849.1,40.704361,-73.313639,N,1,NAD83,NAD83,36,36,103,US,,"BAY SHORE WEST, NY",24000.0,6.36,L,0.01,NGVD29,2030202,,,NNNNNNNNNNNNNNNNNNNNNNNNNNNNNN,,,22.7,,EST,N,M,NNNNNNNNNNNNNNNNNNNN,,,,,,,,POINT (-73.313639 40.704361)
USGS,01308500,CARLLS RIVER AT BABYLON NY,ST,404232.3,731943.7,40.7089722,-73.3288056,N,1,NAD83,NAD83,36,36,103,US,,"BAY SHORE WEST, NY",24000.0,10.63,L,0.01,NGVD29,2030202,,,YNNNYNNNNNNNNNNNNNNNNNNNNNNNNN,,,35.4,,EST,N,M,NNNNNNNN,,,,,,,,POINT (-73.3288056 40.7089722)
USGS,01309000,SANTAPOGUE CREEK AT LINDENHURST NY,ST,404130.0,732118.0,40.69166667,-73.355,M,S,NAD83,NAD83,36,36,103,US,,"BAY SHORE WEST, NY",24000.0,9.71,L,0.01,NGVD29,2030202,,,NNNNNNNNNNNNNNNNNNNNNNNNNNNNNN,,,3.89,,EST,N,M,NNNNNNNN,,,,,,,,POINT (-73.355 40.69166667)
USGS,01309500,MASSAPEQUA CREEK AT MASSAPEQUA NY,ST,404120.4,732719.4,40.689,-73.45538889,N,1,NAD83,NAD83,36,36,59,US,,"AMITYVILLE, NY",24000.0,18.31,L,0.01,NGVD29,2030202,,,YNNNYNNNNNNNNNNNNNNNNNNNNNNNNN,,,38.6,,EST,N,M,NNNNNNNN,,,,,,,,POINT (-73.45538889 40.689)
USGS,01309950,BELLMORE CREEK NEAR BELLMORE NY,ST,404043.2,733057.1,40.67866667,-73.51586111,N,1,NAD83,NAD83,36,36,59,US,,"FREEPORT, NY",24000.0,13.71,X,0.17,NAVD88,2030202,,,YNNNYNNNNYNNNNNNNNNNNNNNNNNNNN,,,,,EST,N,M,NNNNNNNNNNNNNNNNNNNN,,,,,,,,POINT (-73.51586111 40.67866667)
USGS,01310500,EAST MEADOW BROOK AT FREEPORT NY,ST,403956.3,733412.3,40.66563889,-73.5700833,N,1,NAD83,NAD83,36,36,59,US,,"FREEPORT, NY",24000.0,10.45,L,0.01,NGVD29,2030202,,,YNNNYNNNNNNNNNNNNNNNNNNNNNNNNN,,,28.7,,EST,N,M,NNNNNNNN,,,,,,,,POINT (-73.5700833 40.66563889)
USGS,01311000,PINES BROOK AT MALVERNE NY,ST,403959.0,733933.0,40.66638889,-73.6591667,M,S,NAD83,NAD83,36,36,59,US,,"LYNBROOK, NY",24000.0,7.11,L,0.01,NGVD29,2030202,,,NNNNNNNNNNNNNNNNNNNNNNNNNNNNNN,,,10.1,,EST,N,M,NNNNNNNN,,,,,,,,POINT (-73.6591667 40.66638889)
USGS,01372043,HUDSON RIVER NEAR POUGHKEEPSIE NY,ES,414314.1,735619.5,41.72058333,-73.93875,N,1,NAD83,NAD83,36,36,27,US,,"POUGHKEEPSIE, NY",24000.0,0.0,L,0.0,NAVD88,20200080104,,,YNNYNNNNNNNNNNNNNNNNNNNNNNNNNN,,,11833.0,,EST,N,,NNNNNNNNNNNNNNNNNNNN,,,,,,,,POINT (-73.93875 41.72058333)
USGS,01378500,Hackensack River at New Milford NJ,ST,405654.0,740136.0,40.94833333,-74.02666667,M,S,NAD83,NAD83,34,34,3,US,Oradell Borough,Hackensack,24000.0,5.16,X,0.0,NAVD88,20301030905,,,YYNNYNYNNNYNNNNNNNNNNNNNNNNNNN,,20020225.0,113.0,113.0,EST,Y,,NNNNNNNNNNNNNNNNNNNN,,,,,,,,POINT (-74.02666667 40.94833333)
USGS,01393450,Elizabeth River at Ursino Lake at Elizabeth NJ,ST,404030.0,741319.0,40.675,-74.2219444,M,S,NAD83,NAD83,34,34,39,US,Hillside Township,Elizabeth,24000.0,0.0,L,0.01,NGVD29,2030104,,,NNNNYNYNNNYNNNNNNNNNNNNNNNNNNN,,19211001.0,16.9,,EST,Y,,NNNNNNNN,,,,,,,,POINT (-74.2219444 40.675)
USGS,01395000,Rahway River at Rahway NJ,ST,403708.0,741700.0,40.61888889,-74.28333333,M,S,NAD83,NAD83,34,34,39,US,Rahway City,Perth Amboy,24000.0,7.62,L,0.0,NAVD88,20301040104,,,YNYNYNNNNNYNNNNNNNNNNNNNNNNNNN,,20010130.0,40.9,,EST,Y,,NNNNNNNNNNNNNNNNNNNN,,,,,,,,POINT (-74.28333333 40.61888889)
USGS,01403300,Raritan River at Queens Bridge at Bound Brook NJ,ST,403334.0,743140.0,40.55944444,-74.52777778,M,S,NAD83,NAD83,34,34,35,US,Bound Brook Borough,Bound Brook,24000.0,,,,,2030105,,,NNNNNNNNNNNNNNNNNNNNNNNNNNNNNN,,20020225.0,804.0,,EST,Y,,NNNNNNNN,,,,,,,,POINT (-74.52777778 40.55944444)
USGS,01407500,Swimming River near Red Bank NJ,ST,401911.0,740656.0,40.31972222,-74.11555556,M,S,NAD83,NAD83,34,34,25,US,Colts Neck Township,Long Branch,24000.0,28.68,X,0.0,NAVD88,20301040302,,,YNNNYNNNNNYNNNNNNNNNNNNNNNNNNN,,20010301.0,49.2,,EST,Y,,NNNNNNNNNNNNNNNNNNNN,,,,,,,,POINT (-74.11555556 40.31972222)
USGS,01407705,Shark River near Neptune City NJ,ST,401155.0,740412.0,40.19861111,-74.07,M,S,NAD83,NAD83,34,34,25,US,Neptune Township,Asbury Park,24000.0,5.61,X,0.0,NAVD88,2030104,,,NNNNYNYNNNYNNNNNNNNNNNNNNNNNNN,,20001124.0,9.96,,EST,Y,,NNNNNNNNNNNNNNNNNNNN,,,,,,,,POINT (-74.07 40.19861111)
USGS,01408000,Manasquan River at Squankum NJ,ST,400941.0,740917.0,40.16138889,-74.15472222,M,S,NAD83,NAD83,34,34,25,US,Howell Township,Farmingdale,24000.0,17.37,X,0.0,NAVD88,20403010102,,,YNNNYNNNNNYNNNNNNNNNNNNNNNNNNN,,20010824.0,44.0,,EST,Y,,NNNNNNNNNNNNNNNNNNNN,,,,,,,,POINT (-74.15472222 40.16138889)
USGS,01408100,North Branch Metedeconk River at Lakewood NJ,ST,400635.0,741309.0,40.1097222,-74.2191667,M,S,NAD83,NAD83,34,34,29,US,Lakewood Township,Lakewood,24000.0,,,,,2040301,,,NNNNNNNNNNNNNNNNNNNNNNNNNNNNNN,,20070502.0,19.4,,EST,Y,,NNNNNNNN,,,,,,,,POINT (-74.2191667 40.1097222)
USGS,01408500,Toms River near Toms River NJ,ST,395911.0,741324.0,39.98638889,-74.2233333,M,S,NAD83,NAD83,34,34,29,US,Toms River Township,Toms River,24000.0,8.1,L,0.01,NGVD29,2040301,,,NNNNYNNNNNYNNNNNNNNNNNNNNNNNNN,,20010824.0,123.0,,EST,Y,,NNNNNNNN,,,,,,,,POINT (-74.2233333 39.98638889)
USGS,01409387,Mullica River at outlet of Atsion Lk at Atsion NJ,ST,394425.0,744336.0,39.74027778,-74.7266667,M,S,NAD83,NAD83,34,34,5,US,Shamong Township,Atsion,24000.0,,,,,2040301,,,NNNNNNNNNNNNNNNNNNNNNNNNNNNNNN,,20070502.0,26.7,,EST,Y,,NNNNNNNN,,,,,,,,POINT (-74.7266667 39.74027778)
USGS,01409500,Batsto River at Batsto NJ,ST,393830.0,743901.0,39.64166667,-74.65027778,M,S,NAD83,NAD83,34,34,5,US,Washington Township,Atsion,24000.0,1.4,L,0.02,NGVD29,2040301,,,NNNNNNNNNNNNNNNNNNNNNNNNNNNNNN,,20020330.0,67.8,,EST,Y,,NNNNNNNN,,,,,,,,POINT (-74.65027778 39.64166667)
USGS,01411110,Great Egg Harbor River at Weymouth NJ,ST,393050.0,744647.0,39.51388889,-74.7797222,M,S,NAD83,NAD83,34,34,1,US,Hamilton Township,Newtonville,24000.0,25.0,M,5.0,NAVD88,2040302,,,NNNNNNNNNNNNNNNNNNNNNNNNNNNNNN,,20060813.0,154.0,,EST,Y,,NNNNNNNN,,,,,,,,POINT (-74.7797222 39.51388889)
USGS,01411300,Tuckahoe River at Head of River NJ,ST,391825.0,744914.0,39.30694444,-74.8205556,M,S,NAD83,NAD83,34,34,9,US,Upper Township,Tuckahoe,24000.0,0.0,L,0.01,NGVD29,2040302,,,YNNNYNYYNYYNNNNNNNNNNNNNNNNNNN,,19691201.0,30.8,,EST,Y,,NNNNNNNN,,,,,,,,POINT (-74.8205556 39.30694444)
USGS,01411500,Maurice River at Norma NJ,ST,392944.0,750437.0,39.49555556,-75.07694444,M,S,NAD83,NAD83,34,34,33,US,Pittsgrove Township,Millville,24000.0,45.52,X,0.0,NAVD88,20402060405,,,YNYNYNNNNNYNNNNNNNNNNNNNNNNNNN,,20010824.0,112.0,,EST,Y,,NNNNNNNNNNNNNNNNNNNN,,,,,,,,POINT (-75.07694444 39.49555556)
USGS,01413015,Cohansey River at Bridgeton NJ,ES,392545.0,751412.0,39.42916667,-75.2366667,M,S,NAD83,NAD83,34,34,11,US,Bridgeton City,Bridgeton,24000.0,0.0,L,0.01,NAVD88,2040206,,,NNNNNNYNNNNNNNNNNNNNNNNNNNNNNN,,,47.4,47.4,EST,Y,,NNNNNNNN,,,,,,,,POINT (-75.2366667 39.42916667)
USGS,01463500,Delaware River at Trenton NJ,ST,401318.0,744641.0,40.22166667,-74.77805556,M,S,NAD83,NAD83,34,34,21,US,Trenton City,Trenton West,24000.0,-1.08,X,0.0,NAVD88,20401050911,,,NNYNYNNNNNYNNNNNNNNNNNNNNNNNNN,,191302.0,6780.0,,EST,Y,,NNNNNNNNNNNNNNNNNNNN,,,,,,,,POINT (-74.77805556 40.22166667)
USGS,01474500,"Schuylkill River at Philadelphia, PA",ST,395804.0,751120.0,39.9677908,-75.1885007,M,S,NAD27,NAD83,42,42,101,US,,PHILADELPHIA QUAD,24000.0,4.54,L,0.08,NAVD88,2040203,,,NNNNYNNNNNNNNNNNNNNNNNNNNNNNNN,,19310901.0,1893.0,,EST,Y,,NNNNNNNN,,,,,,,,POINT (-75.1885007 39.9677908)
USGS,01481000,"Brandywine Creek at Chadds Ford, PA",ST,395211.0,753537.0,39.8698328,-75.5932623,M,S,NAD27,NAD83,42,42,45,US,,CHADDS FORD,24000.0,149.7,Y,0.13,NAVD88,2040205,,,NNNNYNNNNNNNNNNNNNNNNNNNNNNNNN,,196210.0,287.0,,EST,Y,,NNNNNNNN,,,,,,,444230900,POINT (-75.5932623 39.8698328)
USGS,01491000,"CHOPTANK RIVER NEAR GREENSBORO, MD",ST,385949.9,754708.9,38.99719444,-75.7858056,M,S,NAD83,NAD83,24,24,11,US,,,,2.73,N,0.1,NAVD88,2060005,,,YYNNYNYNNNYNNNNNNNNNNNNNNNNNNN,,,113.0,,EST,Y,,NNNNNNNN,,,,,,,442400300,POINT (-75.7858056 38.99719444)
USGS,01578310,"SUSQUEHANNA RIVER AT CONOWINGO, MD",ST,393928.4,761028.0,39.65788889,-76.17444444,N,S,NAD83,NAD83,24,24,25,US,,Conowingo Dam,24000.0,4.13,X,0.1,NAVD88,20503061713,,C,YNNNYNNNNNYNNNNNNNNNNNNNNNNNNN,,,27100.0,,EST,Y,,NNNNNNNNNNNNNNNNNNNN,,,,,,,444220700,POINT (-76.17444444 39.65788889)
USGS,01594440,"PATUXENT RIVER NEAR BOWIE, MD",ST,385721.3,764137.3,38.95591667,-76.6936944,M,S,NAD83,NAD83,24,24,3,US,,Bowie,24000.0,12.32,L,0.06,NAVD88,2060006,,,YNNNYNNNNNNNNNNNNNNNNNNNNNNNNN,,,348.0,,EST,Y,,NNNNNNNN,,,,,,,442400300,POINT (-76.6936944 38.95591667)
USGS,01646580,"POTOMAC RIVER AT CHAIN BRIDGE, AT WASHINGTON, DC",ST,385546.0,770702.0,38.9295555,-77.1169232,M,S,NAD27,NAD83,24,51,13,US,,,,,,,,2070010,,,YNNNNNNNNNNNNNNNNNNNNNNNNNNNNN,,,11570.0,,EST,Y,,NNNNNNNN,,,,,,,442400300,POINT (-77.1169232 38.9295555)
USGS,01654000,"ACCOTINK CREEK NEAR ANNANDALE, VA",ST,384846.0,771343.0,38.81289066,-77.2283158,M,U,NAD27,NAD83,51,51,59,US,,ANNANDALE,24000.0,190.6,X,0.08,NAVD88,2070010,,,NNNNYNNNNNNNNNNNNNNNNNNNNNNNNN,,19901213.0,23.9,,EST,Y,,NNNNNNNN,,,,,,,,POINT (-77.2283158 38.81289066)
USGS,01668000,"RAPPAHANNOCK RIVER NEAR FREDERICKSBURG, VA",ST,381830.0,773146.0,38.30846178,-77.52915268,G,S,NAD27,NAD83,51,51,177,US,,SALEM CHURCH,24000.0,63.69,X,0.1,NAVD88,2080104,,,NNNNYNNNNNNNNNNNNNNNNNNNNNNNNN,,19901213.0,1595.0,,EST,Y,,NNNNNNNN,,,,,,,,POINT (-77.52915268 38.30846178)
USGS,01673000,"PAMUNKEY RIVER NEAR HANOVER, VA",ST,374603.0,771957.0,37.76764189,-77.3322018,M,U,NAD27,NAD83,51,51,85,US,,HANOVER,24000.0,13.88,Y,0.1,NAVD88,2080106,,,NNNNYNNNNNNNNNNNNNNNNNNNNNNNNN,,19901213.0,1078.0,,EST,Y,,NNNNNNNN,,,,,,,,POINT (-77.3322018 37.76764189)
USGS,01674500,"MATTAPONI RIVER NEAR BEULAHVILLE, VA",ST,375302.0,770955.0,37.88388889,-77.16527778,G,S,NAD83,NAD83,51,51,101,US,,SPARTA,24000.0,11.47,X,0.09,NAVD88,2080105,,,NNNNYNNNNNNNNNNNNNNNNNNNNNNNNN,,19901213.0,603.0,,EST,Y,,NNNNNNNN,,,,,,,,POINT (-77.16527778 37.88388889)
USGS,01677000,"WARE CREEK NEAR TOANO, VA",ST,372617.0,764712.0,37.43820128,-76.7863497,M,U,NAD27,NAD83,51,51,95,US,,TOANO,24000.0,10.0,M,1.0,NGVD29,2080107,,,NNNNNNNNNNNNNNNNNNNNNNNNNNNNNN,,19901213.0,6.29,,EST,Y,,NNNNNNNN,,,,,,,,POINT (-76.7863497 37.43820128)
USGS,02035000,"JAMES RIVER AT CARTERSVILLE, VA",ST,374015.0,780510.0,37.67097957,-78.0858328,M,U,NAD27,NAD83,51,51,75,US,,"CARTERSVILLE, VA",24000.0,167.1,X,0.1,NAVD88,2080205,,,NNNNYNNNNNNNNNNNNNNNNNNNNNNNNN,,19901213.0,6252.0,,EST,Y,,NNNNNNNN,,,,,,,,POINT (-78.0858328 37.67097957)
USGS,02041650,"APPOMATTOX RIVER AT MATOACA, VA",ST,371330.0,772832.0,37.2251505,-77.475263,M,U,NAD27,NAD83,51,51,41,US,,PETERSBURG,24000.0,67.1,X,0.14,NAVD88,2080207,,,NNNNYNNNNNNNNNNNNNNNNNNNNNNNNN,,19901213.0,1342.0,,EST,Y,,NNNNNNNN,,,,,,,,POINT (-77.475263 37.2251505)
USGS,02042500,"CHICKAHOMINY RIVER NEAR PROVIDENCE FORGE, VA",ST,372610.0,770340.0,37.43625765,-77.0608027,M,S,NAD27,NAD83,51,51,127,US,,PROVIDENCE FORGE,24000.0,4.77,Y,0.2,NAVD88,2080206,,,NNNNYNNNNNNNNNNNNNNNNNNNNNNNNN,,19901213.0,251.0,,EST,Y,,NNNNNNNN,,,,,,,,POINT (-77.0608027 37.43625765)
USGS,02081000,"ROANOKE RIVER NEAR SCOTLAND NECK, NC",ST,361233.0,772302.0,36.20916667,-77.38388889,G,H,NAD83,NAD83,37,37,83,US,,SCOTLAND NECK,,4.85,L,0.01,NAVD88,3010107,3.0,,NNNNYNNNNNNNNNNNNNNNNNNNNNNNNN,,,8671.0,,EST,Y,,NYNNNNNN,,,,,,,2510-9NE25,POINT (-77.38388889 36.20916667)
USGS,02089500,"NEUSE RIVER AT KINSTON, NC",ST,351528.0,773508.0,35.25777778,-77.5855556,G,S,NAD83,NAD83,37,37,107,US,,KINSTON,,9.7,L,0.13,NAVD88,3020202,5.0,,NNNNYNNNNNNNNNNNNNNNNNNNNNNNNN,,,2692.0,,EST,Y,,NYNNNNNN,,,,,,,,POINT (-77.5855556 35.25777778)
USGS,02105769,"CAPE FEAR R AT LOCK 1 NR KELLY, NC",ST,342416.0,781737.0,34.40444444,-78.2936111,G,S,NAD83,NAD83,37,37,17,US,,KELLY,,-4.0,L,0.1,NAVD88,3030005,7.0,,NNNNYNNNNNNNNNNNNNNNNNNNNNNNNN,,,5255.0,,EST,Y,,NYNNNNNN,,,,,,,,POINT (-78.2936111 34.40444444)
USGS,02131000,"PEE DEE RIVER AT PEEDEE, SC",ST,341215.0,793255.0,34.20432518,-79.5483896,M,U,NAD27,NAD83,45,45,67,US,,,,23.54,X,0.01,NAVD88,3040201,,,NNNNYNNNNNNNNNNNNNNNNNNNNNNNNN,,,8830.0,8830.0,EST,Y,,NNNNNNNN,,,,,,,,POINT (-79.5483896 34.20432518)
USGS,02136000,"BLACK RIVER AT KINGSTREE, SC",ST,333944.1,795010.1,33.66225,-79.83613889,M,R,NAD83,NAD83,45,45,89,US,,,,24.48,X,0.18,NAVD88,3040205,,,NNNNYNNNNNNNNNNNNNNNNNNNNNNNNN,,,1252.0,,EST,Y,,NNNNNNNN,,,,,,,454500100,POINT (-79.83613889 33.66225)
USGS,02169000,"SALUDA RIVER NEAR COLUMBIA, SC",ST,340050.0,810517.0,34.0140416,-81.0878717,M,S,NAD27,NAD83,45,45,79,US,,COLUMBIA NORTH,24000.0,148.71,X,0.03,NAVD88,3050109,,,NNNNYNNNNNNNNNNNNNNNNNNNNNNNNN,,,2520.0,,EST,Y,,NNNNNNNN,,,,,,,454510000,POINT (-81.0878717 34.0140416)
USGS,02170500,"LK MARION-MOULTRIE DIV CANAL UP NR PINEVILLE, SC",ST,332315.0,800825.0,33.38766569,-80.1400842,M,U,NAD27,NAD83,45,45,15,US,,,,,,,,3050201,,,NNNNNNNNNNNNNNNNNNNNNNNNNNNNNN,,,14700.0,,EST,Y,,NNNNNNNN,,,,,,,,POINT (-80.1400842 33.38766569)
USGS,02171500,"SANTEE RIVER NEAR PINEVILLE, SC",ST,332713.6,800828.9,33.45377778,-80.1413611,G,S,NAD83,NAD83,45,45,15,US,,,,21.96,X,0.07,NAVD88,3050112,,,YNNNYNNNNNNNNNYNNNNNNNNNNNNNNN,,,14700.0,,EST,Y,,NNNNNNNN,,,,,,,454500100,POINT (-80.1413611 33.45377778)
USGS,02175000,"EDISTO RIVER NR GIVHANS, SC",ST,330140.0,802330.0,33.02794645,-80.3914876,M,S,NAD27,NAD83,45,45,35,US,,MAPLECANE SWAMP,24000.0,19.66,L,0.01,NAVD88,3050206,,,YNNNYNNNNNNNNNNNNNNNNNNNNNNNNN,,,2730.0,,EST,Y,,NNNNNNNN,,,,,,,454510000,POINT (-80.3914876 33.02794645)
USGS,02176500,"COOSAWHATCHIE RIVER NEAR HAMPTON, SC",ST,325010.0,810755.0,32.8362777,-81.1317718,M,U,NAD27,NAD83,45,45,49,US,,,,46.26,X,0.03,NAVD88,3050208,,,NNNNYNNNNNNNNNNNNNNNNNNNNNNNNN,,,203.0,,EST,Y,,NNNNNNNN,,,,,,,454500100,POINT (-81.1317718 32.8362777)
USGS,02198500,"SAVANNAH RIVER NEAR CLYO, GA",ST,323142.8,811606.0,32.52855556,-81.2683333,N,1,NAD83,NAD83,45,13,103,US,,,,12.73,X,0.13,NAVD88,3060109,,,YNNNYNNNNNNNNNNNNNNNNNNNNNNNNN,,,9850.0,,EST,Y,,NNNNNNNN,,,,,,,454500100,POINT (-81.2683333 32.52855556)
USGS,02202500,"OGEECHEE RIVER NEAR EDEN, GA",ST,321124.4,812457.1,32.1901111,-81.4158611,M,S,NAD83,NAD83,13,13,103,US,,EDEN,,17.06,X,0.06,NAVD88,3060202,,,YNNNYNNNNNYNNYNNNNNNNNNNNNNNNN,,,2650.0,2650.0,EST,Y,,NNNNNNNN,,,,,,,,POINT (-81.4158611 32.1901111)
USGS,02203519,"CANOOCHEE RIVER AT RICHMOND HILL, GA",ST,315859.0,812307.0,31.98326279,-81.3851119,M,U,NAD27,NAD83,13,13,29,US,,,,,,,,3060203,,,NNNNNNNNNNNNNNNNNNNNNNNNNNNNNN,,,,,EST,Y,,NNNNNNNN,,,,,,,,POINT (-81.3851119 31.98326279)
USGS,02226160,"ALTAMAHA RIVER NEAR EVERETT CITY, GA",ST,312536.7,813618.4,31.4268611,-81.6051111,N,1,NAD83,NAD83,13,13,127,US,,,,-3.87,L,0.01,NAVD88,3070106,,,NNNNYNNNNYNNNYYNNNNNNNNNNNNNNN,,,14000.0,14000.0,EST,Y,,NNNNNNNN,,,,,,,,POINT (-81.6051111 31.4268611)
USGS,02226582,"SATILLA RIVER AT GA 15 AND 121, NEAR HOBOKEN, GA",ST,311300.0,820945.0,31.21687103,-82.1623542,M,U,NAD27,NAD83,13,13,25,US,,"HOBOKEN WEST, GA",24000.0,51.5,L,0.1,NAVD88,3070201,,,NNNNNNNNNNNNNNNNNNNNNNNNNNNNNN,,,1390.0,,EST,Y,,NNNNNNNNNNNNNNNNNNNN,,,,,,,ST-21,POINT (-82.1623542 31.21687103)
USGS,02231220,"ST. MARYS RIVER AT BOULOGNE, FLA.",ST,304635.0,815844.0,30.77662252,-81.978725,M,F,NAD27,NAD83,13,12,89,US,,,,,,,,3070204,,,NNNNNNNNNNNNNNNNNNNNNNNNNNNNNN,,,1180.0,1180.0,EST,Y,,NNNNNNNNNNNNNNNNNNNN,,,,,,,SM-10,POINT (-81.978725 30.77662252)
USGS,02244450,"ST. JOHNS RIVER AT PALATKA, FLA.",ST,293546.0,813629.0,29.59635886,-81.6078574,M,S,NAD27,NAD83,125,12,107,US,,,,,,,,3080103,,,YNNNNNNNNNNNNNNNNNNNNNNNNNNNNN,,,7094.0,,EST,N,,NNNNNNNN,,,,,,,00101,POINT (-81.6078574 29.59635886)
USGS,02248000,"SPRUCE CREEK NEAR SAMSULA, FL",ST,290302.0,810248.0,29.05081845,-81.0464455,M,S,NAD27,NAD83,125,12,127,US,    SES01 T17S  R32E  T,,,6.25,M,2.5,NGVD29,3080201,,,NNNNYNNNNNNNNNNNNNNNNNNNNNNNNN,,,33.4,,EST,Y,,NNNNNNNN,,,,,,,,POINT (-81.0464455 29.05081845)
USGS,02253000,"MAIN CANAL AT VERO BEACH, FL",ST,273851.0,802421.0,27.64780983,-80.405607,M,S,NAD27,NAD83,125,12,61,US,    SES35 T32S  R39E  T,,,,,,,3080203,,,YNNNYNNNNNNNNNYNNNNNNNNNNNNNNN,,,,,EST,Y,,NNNNNNNN,,,,,,,,POINT (-80.405607 27.64780983)
USGS,02277000,ST LUCIE CA AT LOCK NR STUART FLA,ST,270642.29,801705.53,27.1117472,-80.2848694,G,S,NAD83,NAD83,122,12,85,US,      S   T39S  R41E,Hanson Grant,,,,,,3090202,21.0,C,NNNNNNNNNNNNNNNNNNNNNNNNNNNNNN,,,,,EST,Y,,NNNNNNNN,,,,,,,2080-00100,POINT (-80.2848694 27.1117472)
USGS,02288900,"TAMIAMI CANAL OUTLETS, 40-MILE BEND TO MONROE, FL",ST-CA,255105.0,805850.0,25.8517636,-80.9803842,M,S,NAD27,NAD83,122,12,21,US,    SWS13 T53S  R33E  T,,,,,,,3090204,25.0,,NNNNNNNNNNNNNNNNNNNNNNNNNNNNNN,,,,,EST,Y,,NNNNNNNN,,,,,,,2080-00100,POINT (-80.9803842 25.8517636)
USGS,02292000,CALOOSAHATCHEE CA AT MOORE HAVEN FLA,ST-CA,265023.39,810513.77,26.83983056,-81.0871583,M,S,NAD83,NAD83,122,12,43,US,  NWNWS12 T42S  R32E  T,,,,,,,3090205,29.0,,NNNNNNNNNNNNNNNNNNNNNNNNNNNNNN,,,,,EST,Y,,NNNNNNNN,,,,,,,2080-00100,POINT (-81.0871583 26.83983056)
USGS,02296750,"PEACE RIVER AT SR 70 AT ARCADIA, FL",ST,271314.0,815235.0,27.22088245,-81.8761946,M,S,NAD27,NAD83,124,12,27,US,SE    S26 T37S  R24E,NOCATEE,24000.0,6.0,L,0.1,NGVD29,3100101,,C,NNNNYNNNNNNNNNNNNNNNNNNNNNNNNN,,193104.0,1367.0,1367.0,EST,Y,U,NNNNNNNN,,,,,,,459600100,POINT (-81.8761946 27.22088245)
USGS,02298830,"MYAKKA RIVER NEAR SR 72 NEAR SARASOTA, FL",ST,271406.79,821842.82,27.23521944,-82.3118944,D,F,NAD83,NAD83,124,12,115,US,SW    S21 T37S  R20E,LOWER MYAKKA LAKE,24000.0,7.92,L,0.1,NGVD29,3100102,,,NNNNYNNNNNNNNNNNNNNNNNNNNNNNNN,,,229.0,229.0,EST,Y,U,NNNNNNNN,,,,,,,459600100,POINT (-82.3118944 27.23521944)
USGS,02299950,"MANATEE RIVER AT SR 64 NEAR MYAKKA HEAD, FL",ST,272824.0,821241.0,27.47365281,-82.2112497,M,F,NAD27,NAD83,124,12,81,US,SE    S33 T34S  R21E,MYAKKA CITY NW,24000.0,40.93,L,0.1,NGVD29,31002020103,,,NNNNYNNNNNNNNYNNNNNNNNNNNNNNNN,,,65.3,65.3,EST,Y,U,NNNNNNNNNNNNNNNNNNNN,,,,,,,459600100,POINT (-82.2112497 27.47365281)
USGS,02300500,"LITTLE MANATEE RIVER AT US 301 NEAR WIMAUMA, FL",ST,274015.0,822110.0,27.67114344,-82.3525925,M,F,NAD27,NAD83,124,12,57,US,NE    S25 T32S  R19E,WIMAUMA,24000.0,-0.88,L,0.01,NAVD88,3100203,,,NNNNYNNNNNNNNYNNNNNNNNNNNNNNNN,,,149.0,149.0,EST,Y,U,NNNNNNNN,,,,,,,459600100,POINT (-82.3525925 27.67114344)
USGS,02301500,"ALAFIA RIVER AT LITHIA PINECREST RD AT LITHIA, FL",ST,275219.0,821241.0,27.872248,-82.2112008,M,F,NAD27,NAD83,124,12,57,US,NE    S16 T30S  R21E,LITHIA,24000.0,6.04,L,0.1,NAVD88,3100204,,,NNNNYNNNNNNNNYNNNNNNNNNNNNNNNN,,,335.0,335.0,EST,Y,U,NNNNNNNN,,,,,,,459600100,POINT (-82.2112008 27.872248)
USGS,02303000,"HILLSBOROUGH RV AT STATE PARK NR ZEPHYRHILLS, FL",ST,280900.0,821355.0,28.15029044,-82.23175318,G,S,NAD27,NAD83,124,12,57,US,SW    S8  T27S  R21E,ZEPHYRHILLS,24000.0,32.45,L,0.1,NAVD88,3100205,,,NNNNYNNNNNNNNNNNNNNNNNNNNNNNNN,,,220.0,220.0,EST,Y,U,NNNNNNNN,,,,,,,459600100,POINT (-82.23175318 28.15029044)
USGS,02306774,ROCKY CREEK AT ST HWY 587 AT CITRUS PARK FL,ST,280357.0,823357.0,28.06583333,-82.5658333,G,S,NAD83,NAD83,124,12,57,US,NW    S12 T28S  R17E,CITRUS PARK,24000.0,-0.82,L,0.1,NAVD88,3100206,,,YNNNYNNNNNNNNYNNNNNNNNNNNNNNNN,,,17.8,17.5,EST,Y,U,NNNNNNNN,,,,,,,459600100,POINT (-82.5658333 28.06583333)
USGS,02310000,"ANCLOTE RIVER AT LITTLE RD NEAR ELFERS, FL",ST,281250.0,824000.0,28.21417784,-82.6664882,M,F,NAD27,NAD83,124,12,101,US,NE    S23 T26S  R16E,ELFERS,24000.0,0.0,L,0.1,NGVD29,3100207,,,NNNNYNNNNNNNNYNNNNNNNNNNNNNNNN,,,72.5,72.5,EST,Y,U,NNNNNNNN,,,,,,,459600100,POINT (-82.6664882 28.21417784)
USGS,02313000,"WITHLACOOCHEE RIVER AT SR 200 NEAR HOLDER, FL",ST,285919.0,822059.0,28.98886759,-82.3495406,M,S,NAD27,NAD83,124,12,83,US,    NWS30 T17S  R20E  T,,,26.61,L,0.01,NAVD88,3100208,,,NNNNYNNNNNNNNNNNNNNNNNNNNNNNNN,,,1825.0,,EST,Y,,NNNNNNNN,,,,,,,,POINT (-82.3495406 28.98886759)
USGS,02320500,"SUWANNEE RIVER AT BRANFORD, FLA.",ST,295720.0,825540.0,29.955785,-82.9276278,M,S,NAD27,NAD83,125,12,121,US,NE    S20 T06S  R14E  T,,,4.81,L,0.1,NGVD29,3110205,,,YNNNYNYNNYNNNNNNNNNNNNNNNNNNNN,,,7880.0,7880.0,EST,Y,,NNNNNNNN,,,,,,,451200100,POINT (-82.9276278 29.955785)
USGS,02324000,"STEINHATCHEE RIVER NEAR CROSS CITY, FLA.",ST,294711.0,831918.0,29.786389,-83.321667,M,S,NAD27,NAD83,123,12,123,US,NE    S16 T08S  R10E  T,,,7.84,L,0.1,NGVD29,31101020605,,,NNNNNNNNNNNNNNNNNNNNNNNNNNNNNN,,,350.0,350.0,EST,Y,,NNNNNNNNNNNNNNNNNNNN,,,,,,,,POINT (-83.321667 29.786389)
USGS,02326512,"AUCILLA RIVER NR SCANLON, FLA.",ST,301352.0,835508.0,30.23131776,-83.918772,M,S,NAD27,NAD83,123,12,123,US,,,,3.14,L,0.1,NGVD29,3110103,,,NNNNNNNNNNNNNNNNNNNNNNNNNNNNNN,,,805.0,,EST,Y,,NNNNNNNN,,,,,,,,POINT (-83.918772 30.23131776)
USGS,02326900,"ST. MARKS RIVER NEAR NEWPORT, FLA.",ST,301616.42,840854.09,30.2714311,-84.1482508,M,S,NAD27,NAD83,123,12,129,US,SE    S32 T02S  R02E  T,,,3.53,L,0.1,NGVD29,3120001,,,NNNNYNNNNNYNNNNNNNNNNNNNNNNNNN,,,535.0,535.0,EST,Y,,NNNNNNNN,,,,,,,,POINT (-84.1482508 30.2714311)
USGS,02327100,"SOPCHOPPY RIVER NR SOPCHOPPY, FLA.",ST,300745.0,842940.0,30.12936856,-84.4943482,M,S,NAD27,NAD83,123,12,129,US,NW    S24 T04S  R03W  T,,,0.0,L,1.0,NGVD29,3120003,,,NNNNYNNNNNYNNNNNNNNNNNNNNNNNNN,,,102.0,102.0,EST,Y,,NNNNNNNN,,,,,,,,POINT (-84.4943482 30.12936856)
USGS,02328200,"OCHLOCKONEE RIVER NEAR CALVARY, GA",ST,304353.0,841412.0,30.73160873,-84.23658201,M,U,NAD27,NAD83,13,13,131,US,,"BEACHTON, GAFL",24000.0,100.0,M,5.0,NGVD29,3120003,,,NNNNNNNNNNNNNNNNNNNNNNNNNNNNNN,,,930.0,,EST,Y,,NNNNNNNNNNNNNNNNNNNN,,,,,,,OK-20,POINT (-84.23658201 30.73160873)
USGS,02359000,"CHIPOLA RIVER NR ALTHA, FLA.",ST,303202.0,850955.0,30.53408319,-85.1651996,M,S,NAD27,NAD83,123,12,13,US,NW    S32 T 2N  R 9W,,,19.95,L,0.01,NGVD29,3130012,,,NNYNYNNNNYNNNYNNNNNNNNNNNNNNNN,,,781.0,,CST,Y,,NNNNNNNN,,,,,,,,POINT (-85.1651996 30.53408319)
USGS,02359170,"APALACHICOLA RIVER NR SUMATRA,FLA.",ST,295657.0,850056.0,29.94937094,-85.0154686,M,S,NAD27,NAD83,123,12,37,US,SW    S14 T06N  R08W  T,,,0.0,L,0.1,NGVD29,3130011,,,YNNNYNNNNNNNNNYNNNNNNNNNNNNNNN,,,19200.0,,EST,Y,,NNNNNNNN,,,,,,,,POINT (-85.0154686 29.94937094)
USGS,02359500,"ECONFINA CREEK NEAR BENNETT, FLA.",ST,302304.0,853324.0,30.3846406,-85.5565932,M,S,NAD27,NAD83,123,12,5,US,SE    S20 T01S  R13W  T,,,1.03,L,0.1,NGVD29,3140101,,,NNNNYYNNNNYNNNNNNNNNNNNNNNNNNN,,,122.0,,CST,Y,,NNNNNNNN,,,,,,,,POINT (-85.5565932 30.3846406)
USGS,02366500,"CHOCTAWHATCHEE RIVER NR BRUCE, FLA.",ST,302703.0,855354.0,30.4510296,-85.89826819,M,S,NAD27,NAD83,123,12,131,US,NE    S36 T01N  R17W  T,,,0.0,L,0.1,NGVD29,3140203,,,YNNNYNYNNNNNNNNNNNNNNNNNNNNNNN,,,4384.0,4384.0,CST,Y,,NNNNNNNN,,,,,,,,POINT (-85.89826819 30.4510296)
USGS,02368000,"YELLOW RIVER AT MILLIGAN, FLA.",ST,304510.0,863745.0,30.7529664,-86.6291207,M,S,NAD27,NAD83,123,12,91,US,SE    S15 T03N  R24W  T,,,45.0,L,0.01,NGVD29,3140103,,,NNNNYNNNNNYNNYNNNNNNNNNNNNNNNN,,19380701.0,624.0,,CST,Y,,NNNNNNNN,,,,,,,,POINT (-86.6291207 30.7529664)
USGS,02369800,BLACKWATER RIVER NEAR BRADLEY AL,ST,310139.0,864236.0,31.02767985,-86.7099567,M,S,NAD27,NAD83,1,1,53,US,,,,121.87,L,0.1,NGVD29,3140104,,,NNNNYNNNNNNNNNNNNNNNNNNNNNNNNN,,,87.7,87.7,CST,Y,,NNNNNNNN,,,,,,,,POINT (-86.7099567 31.02767985)
USGS,02375500,"ESCAMBIA RIVER NEAR CENTURY, FL",ST,305754.0,871403.0,30.96518304,-87.2341395,M,S,NAD27,NAD83,123,12,113,US,NW    S10 T05N  R30W  T,,,28.34,L,0.01,NGVD29,3140305,,,NNNNYNNNNNYNNYNNNNNNNNNNNNNNNN,,,3817.0,,CST,Y,,NNNNNNNN,,,,,,,,POINT (-87.2341395 30.96518304)
USGS,02376500,"PERDIDO RIVER AT BARRINEAU PARK, FL",ST,304125.0,872625.0,30.69027778,-87.4402778,N,1,NAD83,NAD83,1,12,33,US,,"BARRINEAU PARK, FL",24000.0,28.0,N,1.0,NAVD88,3140106,,C,YNNNYNNNNNNNNNNNNNNNNNNNNNNNNN,,20200626.0,394.0,394.0,CST,Y,,NNNNNNNN,,,,,,,,POINT (-87.4402778 30.69027778)
USGS,02470500,MOBILE RIVER AT MT VERNON AL,ST,310511.0,875838.0,31.08656636,-87.9772203,M,U,NAD27,NAD83,1,1,97,US,,,,,,,,3160204,,,NNNNNNNNNNNNNNNNNNNNNNNNNNNNNN,,,42867.0,,CST,Y,,NNNNNNNN,,,,,,,,POINT (-87.9772203 31.08656636)
USGS,02479020,"PASCAGOULA RIVER NR BENNDALE, MS",ST,305241.0,884630.0,30.87805556,-88.775,G,5,NAD83,NAD83,28,28,39,US,    SES 22T02S  R08W  S,354B AVENT,24000.0,16.17,U,5.0,NGVD29,3170006,,C,NNNNNNNNNNNNNNNNNNNNNNNNNNNNNN,,,6680.0,6680.0,CST,Y,,NNNNNNNN,,,,,,,,POINT (-88.775 30.87805556)
USGS,02479560,ESCATAWPA RIVER NEAR AGRICOLA MS,ST,304842.0,882731.0,30.8118552,-88.4586274,M,S,NAD27,NAD83,1,28,39,US,,HOWELL MISS,24000.0,46.0,L,0.01,NGVD29,3170008,,,NNNNYNNNNNNNNNNNNNNNNNNNNNNNNN,,,562.0,562.0,CST,Y,,NNNNNNNN,,,,,,,,POINT (-88.4586274 30.8118552)
USGS,02481510,"WOLF RIVER NR LANDON, MS",ST,302901.0,891628.0,30.4836111,-89.2744444,G,5,NAD83,NAD83,28,28,47,US,  NENES 34T06S  R13W  S,392B VIDALIA,24000.0,14.34,L,0.1,NGVD29,3170009,,C,NNNNYNNNNNYNNYNNNNNNNNNNNNNNNN,,19641012.0,308.0,308.0,CST,Y,,NNNNNNNN,,,,,,,452800100,POINT (-89.2744444 30.4836111)
USGS,02489500,"Pearl River near Bogalusa, LA",ST,304735.0,894915.0,30.7932614,-89.8209117,M,U,NAD27,NAD83,22,22,117,US,,,,54.64,R,0.16,NAVD88,3180004,,,YNNNYNNNNNYNNNNNNNNNNNNNNNNNNN,,19381001.0,6573.0,,CST,Y,,NNNNNNNN,,,,,,,,POINT (-89.8209117 30.7932614)
USGS,07373420,"MISSISSIPPI R NR ST. FRANCISVILLE, LA",ST,304530.0,912345.0,30.75851659,-91.3959464,M,U,NAD27,NAD83,22,22,125,US,,,,,,,,8070100,,,NNNNNNNNNNNNNNNNNNNNNNNNNNNNNN,,,1125300.0,,CST,Y,,NNNNNNNN,,,,,,,,POINT (-91.3959464 30.75851659)
USGS,07381590,"Wax Lake Outlet at Calumet, LA",ST,294152.0,912222.0,29.69798645,-91.3728855,M,S,NAD27,NAD83,22,22,101,US,      S 56T15S  R11E,"PATTERSON, LA",24000.0,-1.79,X,0.16,NAVD88,8080101,,,YNNNNNNNNNYNNNNYNNNNNNNNNNNNNN,,19730401.0,,,CST,Y,,YNNNNNNN,,,,,,,,POINT (-91.3728855 29.69798645)
USGS,07381600,"Lower Atchafalaya River at Morgan City, LA",ST,294133.4,911242.6,29.6928482,-91.2119507,M,S,NAD27,NAD83,22,22,101,US,      S. 6T     R,,,-1.31,X,0.26,NAVD88,8080101,,,YNNNYNNNNNYNNNNNNNNNNNNNNNNNNN,,19730401.0,,,CST,Y,,NNNNNNNN,,,,,,,,POINT (-91.2119507 29.6928482)
USGS,07386935,"VERMILION R @ ST HWY  3073 @ LAFAYETTE, LA",ST,300945.0,920320.0,30.1627021,-92.0556776,M,U,NAD27,NAD83,22,22,55,US,,,,,,,,8080103,,,NNNNNNNNNNNNNNNNNNNNNNNNNNNNNN,,,,,CST,Y,,NNNNNNNN,,,,,,,,POINT (-92.0556776 30.1627021)
USGS,08030500,"Sabine Rv nr Ruliff, TX",ST,301813.0,934437.0,30.30381684,-93.7437784,M,F,NAD27,NAD83,48,48,351,US,,"STARKS, LA",24000.0,-7.59,X,0.22,NAVD88,12010005,5.0,,NNNNYNNNNNNNNNNNNNNNNNNNNNNNNN,,,9329.0,9329.0,CST,Y,,NYNNNNNN,,,,,,,8653-00150,POINT (-93.7437784 30.30381684)
USGS,08041000,"Neches Rv at Evadale, TX",ST,302120.0,940535.0,30.35576944,-94.0932566,M,F,NAD27,NAD83,48,48,241,US,,"Evadale, TX",24000.0,6.64,X,0.23,NAVD88,12020003,,,NNNNYNNNNNNNNNNNNNNNNNNNNNNNNN,,,7951.0,7951.0,CST,Y,,NYNNNNNN,,,,,,,8653-00150,POINT (-94.0932566 30.35576944)
USGS,08067000,"Trinity Rv at Liberty, TX",ST,300327.0,944905.0,30.05771539,-94.8182567,M,F,NAD27,NAD83,48,48,291,US,,"Liberty, TX",24000.0,-3.18,X,0.19,NAVD88,12030203,,,NNNNYNNNNNNNNNNNNNNNNNNNNNNNNN,,,17468.0,17468.0,CST,Y,,NYNNNNNN,,,,,,,8653-00150,POINT (-94.8182567 30.05771539)
USGS,08073600,"Buffalo Bayou at W Belt Dr, Houston, TX",ST,294543.0,953327.0,29.76217336,-95.5577213,M,F,NAD27,NAD83,48,48,201,US,,"Hedwig Village, TX",24000.0,0.0,L,0.1,NAVD88,12040104,,,NNNNYNNNNNNNNNNNNNNNNNNNNNNNNN,,,290.0,290.0,CST,Y,,NYNNNNNN,,,,,,,8653-00150,POINT (-95.5577213 29.76217336)
USGS,08075770,"Hunting Bayou at IH 610, Houston, TX",ST,294735.0,951604.0,29.79328217,-95.2679907,M,F,NAD27,NAD83,48,48,201,US,,"Settegast, TX",24000.0,0.0,L,0.1,NAVD88,12040104,,,NNNNYNNNNNNNNNNNNNNNNNNNNNNNNN,,,16.1,16.1,CST,Y,,NYNNNNNN,,,,,,,8653-00150,POINT (-95.2679907 29.79328217)
USGS,08078000,"Chocolate Bayou nr Alvin, TX",ST,292216.7,951922.2,29.37154704,-95.3230673,G,S,NAD27,NAD83,48,48,39,US,,"Liverpool, TX",24000.0,-1.48,X,0.23,NAVD88,12040204,,,NNNNYNNNNNNNNNNNNNNNNNNNNNNNNN,,,87.7,87.7,CST,Y,,NYNNNNNN,,,,,,,8653-00150,POINT (-95.3230673 29.37154704)
USGS,08116650,"Brazos Rv nr Rosharon, TX",ST,292058.0,953456.0,29.34968614,-95.5824635,M,F,NAD27,NAD83,48,48,157,US,,"Otey, TX",24000.0,-1.2,X,0.27,NAVD88,12070104,,,NNNNYNNNNNNNNNNNNNNNNNNNNNNNNN,,,45339.0,35773.0,CST,Y,,NYNNNNNN,,,,,,,8653-00150,POINT (-95.5824635 29.34968614)
USGS,08117500,"San Bernard Rv nr Boling, TX",ST,291848.0,955337.0,29.31357967,-95.8938421,M,F,NAD27,NAD83,48,48,157,US,,"Boling, TX",24000.0,30.81,L,0.1,NGVD29,12090401,,,NNNNYNNNNNNNNNNNNNNNNNNNNNNNNN,,,727.0,727.0,CST,Y,,NYNNNNNN,,,,,,,8653-00150,POINT (-95.8938421 29.31357967)
USGS,08162000,"Colorado Rv at Wharton, TX",ST,291832.0,960613.0,29.30913668,-96.1038482,M,F,NAD27,NAD83,48,48,481,US,,"Wharton, TX",24000.0,52.42,L,0.1,NGVD29,12090302,,,NNNNYNNNNNNNNNNNNNNNNNNNNNNNNN,,,42003.0,30600.0,CST,Y,,NYNNNNNN,,,,,,,8653-00150,POINT (-96.1038482 29.30913668)
USGS,08164000,"Lavaca Rv nr Edna, TX",ST,285735.0,964110.0,28.95998449,-96.6863668,M,F,NAD27,NAD83,48,48,239,US,,"Edna, TX",24000.0,13.84,X,0.22,NAVD88,12100101,,,NNNNYNNNNNNNNNNNNNNNNNNNNNNNNN,,,817.0,817.0,CST,Y,,NYNNNNNN,,,,,,,8653-00170,POINT (-96.6863668 28.95998449)
USGS,08164500,"Navidad Rv nr Ganado, TX",ST,290132.0,963308.0,29.0258147,-96.5524733,M,F,NAD27,NAD83,48,48,239,US,,"Ganado, TX",24000.0,13.62,L,0.1,NGVD29,12100102,,,NNNNNNNNNNNNNNNNNNNNNNNNNNNNNN,,,1062.0,1062.0,CST,Y,,NYNNNNNN,,,,,,,8653-00170,POINT (-96.5524733 29.0258147)
USGS,08188500,"San Antonio Rv at Goliad, TX",ST,283857.43,972305.49,28.6492861,-97.3848583,N,H,NAD83,NAD83,48,48,175,US,,"Goliad, TX",24000.0,89.36,X,0.02,NAVD88,12100303,,,NNNNYNNNNNNNNNNNNNNNNNNNNNNNNN,,,3921.0,3921.0,CST,Y,,NYNNNNNN,,,,,,,8653-00170,POINT (-97.3848583 28.6492861)
USGS,08188800,"Guadalupe Rv nr Tivoli, TX",ST,283020.0,965304.0,28.50582149,-96.8847203,M,F,NAD27,NAD83,48,48,391,US,,"Bloomington SW, TX",24000.0,-0.88,X,0.25,NAVD88,12100204,,,NNNNYNNNNYNNNNNNNNNNNNNNNNNNNN,,,10128.0,10128.0,CST,Y,,NYNNNNNN,,,,,,,8653-00170,POINT (-96.8847203 28.50582149)
USGS,08210000,"Nueces Rv nr Three Rivers, TX",ST,282538.0,981040.0,28.42749545,-98.1780625,M,F,NAD27,NAD83,48,48,297,US,,"Three Rivers, TX",24000.0,166.31,X,0.24,NAVD88,12110111,,,YNNNYNNNNNNNNNNNNNNNNNNNNNNNNN,,,15427.0,15427.0,CST,Y,,NYNNNNNN,,,,,,,8653-00170,POINT (-98.1780625 28.42749545)
USGS,08475000,"Rio Grande nr Brownsville, TX",ST,255235.0,972715.0,25.87674793,-97.454426,M,F,NAD27,NAD83,48,48,61,US,,"East Brownsville, TX",24000.0,0.0,M,3.0,NGVD29,13090002,,G,YNNNYNNNNNNNNNNNNNNNNNNNNNNNNN,,,176333.0,176333.0,CST,Y,,NYNNNNNN,,,,,,,8653-AGS01,POINT (-97.454426 25.87674793)
USGS,11042000,SAN LUIS REY R A OCEANSIDE CA,ST,331305.0,1172134.0,33.21809135,-117.3603045,M,F,NAD27,NAD83,6,6,73,US,  SESWS13 T11S  R05W,TEMECULA CA,,8.9,X,0.16,NAVD88,18070303,,,NNNNYNNNNNNNNNNNNNNNNNNNNNNNNN,,,557.0,,PST,Y,,NNNNNNNN,,,,,,,,POINT (-117.3603045 33.21809135)
USGS,11074000,SANTA ANA R BL PRADO DAM CA,ST,335300.0,1173840.0,33.88334875,-117.6453296,M,F,NAD27,NAD83,6,6,65,US,      S00 T03S  R07W  S,"PRADO DAM, CA",24000.0,451.58,X,0.16,NAVD88,18070203,,,NNNNYNNNNNNNNNNNNNNNNNNNNNNNNN,,,2258.0,1490.0,PST,Y,,NNNNNNNN,,,,,,,,POINT (-117.6453296 33.88334875)
USGS,11082800,SAN GABRIEL R A AZUSA PH CA,ST,340917.0,1175426.0,34.15472899,-117.9081183,M,F,NAD27,NAD83,6,6,37,US,,,,,,,,18070106,,,NNNNNNNNNNNNNNNNNNNNNNNNNNNNNN,,,,,PST,Y,,NNNNNNNN,,,,,,,,POINT (-117.9081183 34.15472899)
USGS,11103010,LOS ANGELES R AT WILLOW ST BR AT LONG BEACH CA,ST,334816.0,1181215.0,33.8044618,-118.2050693,M,F,NAD27,NAD83,6,6,37,US,,,,,,,,18070105,,,NNNNNNNNNNNNNNNNNNNNNNNNNNNNNN,,,831.0,,PST,Y,,NNNNNNNN,,,,,,,,POINT (-118.2050693 33.8044618)
USGS,11108500,SANTA CLARA RIVER AT L.A.-VENTURA CO. LINE CA,ST,342359.0,1184214.0,34.39971939,-118.7048126,M,F,NAD27,NAD83,6,6,111,US,,VAL VERDE CA,,794.93,M,10.0,NGVD29,18070102,,,NNNNNNNNNNNNNNNNNNNNNNNNNNNNNN,,,625.0,,PST,Y,,NNNNNNNN,,,,,,,,POINT (-118.7048126 34.39971939)
USGS,11118500,VENTURA R NR VENTURA,ST,342108.0,1191827.0,34.35221417,-119.3084218,M,F,NAD27,NAD83,6,6,111,US,,VENTURA CA,,203.77,X,0.26,NAVD88,18070101,,,NNNNYNNNNNNNNNNNNNNNNNNNNNNNNN,,,188.0,,PST,Y,,NNNNNNNN,,,,,,,,POINT (-119.3084218 34.35221417)
USGS,11133000,SANTA YNEZ R A NARROWS NR LOMPOC CA,ST,343810.0,1202525.0,34.6360873,-120.4245645,M,F,NAD27,NAD83,6,6,83,US,,,,87.46,X,0.16,NAVD88,18060010,,,NNNNYNNNNNNNNNNNNNNNNNNNNNNNNN,,,789.0,,PST,Y,,NNNNNNNN,,,,,,,,POINT (-120.4245645 34.6360873)
USGS,11152300,SALINAS R NR CHUALAR CA,ST,363313.0,1213254.0,36.55357267,-121.5493856,M,F,NAD27,NAD83,6,6,53,US,      S00 T16S  R04E  M,"CHUALAR, CA",24000.0,70.54,X,0.16,NAVD88,18060005,,,NNNNYNNNNNNNNNNNNNNNNNNNNNNNNN,,,4042.0,,PST,Y,,NNNNNNNN,,,,,,,,POINT (-121.5493856 36.55357267)
USGS,11159000,PAJARO R A CHITTENDEN CA,ST,365401.0,1213548.0,36.90019209,-121.5976778,M,F,NAD27,NAD83,6,6,87,US,,CHITTENDEN CA,,85.28,X,0.16,NAVD88,18060002,,,NNNNYNNNNNNNNNNNNNNNNNNNNNNNNN,,,1186.0,,PST,Y,,NNNNNNNN,,,,,,,,POINT (-121.5976778 36.90019209)
USGS,11169000,GUADALUPE R A SAN JOSE CA,ST,372004.0,1215354.0,37.3343859,-121.8994,M,F,NAD27,NAD83,6,6,85,US,,SAN JOSE WEST CA,,72.0,M,2.5,NGVD29,18050003,,,NNNNNNNNNNNNNNNNNNNNNNNNNNNNNN,,,146.0,,PST,Y,,NNNNNNNN,,,,,,,,POINT (-121.8994 37.3343859)
USGS,11303500,SAN JOAQUIN R NR VERNALIS CA,ST,374034.0,1211555.0,37.67601249,-121.2662907,M,S,NAD27,NAD83,6,6,77,US,,VERNALIS,24000.0,2.57,X,0.16,NAVD88,18040003,,,NNNNYNNNNNNNNNNNNNNNNNNNNNNNNN,,,13539.0,,PST,Y,,NNNNNNNN,,,,,,,470648500,POINT (-121.2662907 37.67601249)
USGS,11447810,SACRAMENTO R A GREENS LANDING CA,ST,382045.0,1213242.0,38.345745,-121.5460657,M,F,NAD27,NAD83,6,6,67,US,,,,,,,,18020163,,,NNNNNNNNNNNNNNNNNNNNNNNNNNNNNN,,,,,PST,Y,,NNNNNNNN,,,,,,,,POINT (-121.5460657 38.345745)
USGS,11458000,NAPA R NR NAPA CA,ST,382206.0,1221808.0,38.36821248,-122.3032719,M,F,NAD27,NAD83,6,6,55,US,,,,27.14,X,0.16,NAVD88,18050002,,,NNNNYNNNNNNNNNNNNNNNNNNNNNNNNN,,,218.0,,PST,Y,,NNNNNNNN,,,,,,,,POINT (-122.3032719 38.36821248)
USGS,11467000,RUSSIAN R A HACIENDA BRIDGE NR GUERNEVILLE CA,ST,383031.0,1225536.0,38.50848204,-122.9277345,M,F,NAD27,NAD83,6,6,97,US,  NESES26 T08N  R10W,,,22.33,X,0.16,NAVD88,18010110,,,NNNNYNNNNNNNNNNNNNNNNNNNNNNNNN,,,1338.0,,PST,Y,,NNNNNNNN,,,,,,,,POINT (-122.9277345 38.50848204)
USGS,11477000,EEL R A SCOTIA CA,ST,402930.0,1240555.0,40.49149394,-124.0997407,M,F,NAD27,NAD83,6,6,23,US,    SWS05 T01N  R01E,,,38.41,X,0.16,NAVD88,18010105,,,NNNNYNNNNNNNNNNNNNNNNNNNNNNNNN,,,3113.0,,PST,Y,,NNNNNNNN,,,,,,,,POINT (-124.0997407 40.49149394)
USGS,11481000,MAD R NR ARCATA CA,ST,405436.0,1240334.0,40.9098217,-124.06058,M,F,NAD27,NAD83,6,6,23,US,  NWNWS15 T06N  R01E,ARCATA NORTH,24000.0,14.25,X,0.16,NAVD88,18010102,,,NNNNYNNNNNNNNNNNNNNNNNNNNNNNNN,,,485.0,,PST,Y,,NNNNNNNN,,,,,,,,POINT (-124.06058 40.9098217)
USGS,11482500,REDWOOD C A ORICK CA,ST,411758.0,1240300.0,41.2992896,-124.0511825,M,F,NAD27,NAD83,6,6,23,US,  NENES34 T11N  R01E,"ORICK, CA",24000.0,8.97,X,0.16,NAVD88,18010102,,C,NNNNYNNNNNNNNNNNNNNNNNNNNNNNNN,,19531001.0,277.0,,PST,Y,,NNNNNNNN,,,,,,,,POINT (-124.0511825 41.2992896)
USGS,11530500,KLAMATH R NR KLAMATH CA,ST,413040.0,1235842.0,41.51092575,-123.9794772,M,F,NAD27,NAD83,6,6,15,US,  SESES18 T13N  R02E,,,5.41,X,0.16,NAVD88,18010209,,,NNNNYNNNNNNNNNNNNNNNNNNNNNNNNN,,,12100.0,,PST,Y,,NNNNNNNN,,,,,,,,POINT (-123.9794772 41.51092575)
USGS,11532500,SMITH R NR CRESCENT CITY CA,ST,414730.0,1240430.0,41.7914769,-124.0761515,M,F,NAD27,NAD83,6,6,15,US,  SWSWS09 T16N  R01E,HIOUCHI CA,24000.0,82.75,X,0.26,NAVD88,18010101,,,NNNNYNNNNNNNNNNNNNNNNNNNNNNNNN,,19921215.0,614.0,,PST,Y,,NNNNNNNN,,,,,,,,POINT (-124.0761515 41.7914769)
USGS,12031000,"CHEHALIS RIVER AT PORTER, WA",ST,465622.0,1231847.0,46.93926375,-123.3143194,M,S,NAD27,NAD83,53,53,27,US,  SWSES21 T17N  R05W  W,,,0.0,L,5.0,NAVD88,17100103,,,NNNNYNNNNNNNNNNNNNNNNNNNNNNNNN,,,1294.0,,PST,Y,,NNNNNNNN,,,,,,,,POINT (-123.3143194 46.93926375)
USGS,12039500,"QUINAULT RIVER AT QUINAULT LAKE, WA",ST,472728.0,1235317.0,47.4575863,-123.8893446,M,S,NAD27,NAD83,53,53,27,US,  SWNES25 T23N  R10W  W,,,182.05,X,0.12,NAVD88,17100102,,,NNNNYNNNNNNNNNNNNNNNNNNNNNNNNN,,,264.0,,PST,Y,,NNNNNNNN,,,,,,,,POINT (-123.8893446 47.4575863)
USGS,12040500,"QUEETS RIVER NEAR CLEARWATER, WA",ST,473217.0,1241852.0,47.5378275,-124.3157227,M,S,NAD27,NAD83,53,53,31,US,  NESWS36 T24N  R13W  W,,,18.73,X,0.09,NAVD88,17100102,,,NNNNYNNNNNNNNNNNNNNNNNNNNNNNNN,,,445.0,,PST,Y,,NNNNNNNN,,,,,,,,POINT (-124.3157227 47.5378275)
USGS,12045500,"ELWHA RIVER AT MCDONALD BR NEAR PORT ANGELES, WA",ST,480318.0,1233455.0,48.05478018,-123.5832136,M,S,NAD27,NAD83,53,53,9,US,  NENWS33 T30N  R07W  W,,,204.11,Y,0.11,NAVD88,17110020,,,NNNNYNNNNNNNNNNNNNNNNNNNNNNNNN,,,269.0,,PST,Y,,NNNNNNNN,,,,,,,,POINT (-123.5832136 48.05478018)
USGS,12101500,"PUYALLUP RIVER AT PUYALLUP, WA",ST,471231.0,1221933.0,47.20843358,-122.3270652,M,S,NAD27,NAD83,53,53,53,US,  SENWS20 T20N  R04E  W,,,3.49,L,0.03,NAVD88,17110014,,,NNNNYNNNNNNNNNNNNNNNNNNNNNNNNN,,,948.0,,PST,Y,,NNNNNNNN,,,,,,,,POINT (-122.3270652 47.20843358)
USGS,12113390,"DUWAMISH RIVER AT GOLF COURSE AT TUKWILA, WA",ST,472844.35,1221531.44,47.4789861,-122.2587333,M,S,NAD83,NAD83,53,53,33,US,  NESWS14 T23N  R04E  W,"DES MOINES, WA",24000.0,0.0,D,0.1,NAVD88,17110013,,,NNNNYNNNNNNNNNNNNNNNNNNNNNNNNN,,20131115.0,461.0,,PST,Y,,NNNNNNNN,,,,,,,,POINT (-122.2587333 47.4789861)
USGS,12200500,"SKAGIT RIVER NEAR MOUNT VERNON, WA",ST,482642.0,1222003.0,48.4448278,-122.3354369,M,S,NAD27,NAD83,53,53,57,US,  SESES07 T34N  R04E  W,"MOUNT VERNON, WA",24000.0,3.8,X,0.01,NAVD88,17110007,,,YNNNYNNNNNNNNNNNNNNNNNNNNNNNNN,,,3093.0,,PST,Y,,NNNNNNNN,,,,,,,,POINT (-122.3354369 48.4448278)
USGS,12213140,"NOOKSACK RIVER AT BRENNAN, WA",ST,484910.0,1223443.0,48.81927627,-122.5798947,M,S,NAD27,NAD83,53,53,73,US,      S05 T38N  R02E  W,"FERNDALE, WA",24000.0,,,,,17110004,,,NNNNNNNNNNNNNNNNNNNNNNNNNNNNNN,,,785.0,,PST,Y,,NNNNNNNN,,,,,,,CHIPS,POINT (-122.5798947 48.81927627)
USGS,14246900,"COLUMBIA RIVER AT PORT WESTWARD, NEAR QUINCY, OR",ST-TS,461053.0,1231056.0,46.18122136,-123.1834539,M,S,NAD27,NAD83,41,41,9,US,    NES16 T08N  R04W  W,,,-1.0,M,20.0,NGVD29,17080003,,,NNNNYNNNNNNNNNYNNNNNNNNNNNNNNN,,,256900.0,,PST,Y,C,NNNNNNNN,,,,,,,,POINT (-123.1834539 46.18122136)
USGS,14301000,"NEHALEM RIVER NEAR FOSS, OR",ST,454215.0,1234515.0,45.7039986,-123.755405,M,U,NAD27,NAD83,41,41,57,US,    NWS35 T03N  R09W  W,,,32.6,L,0.1,NGVD29,17100202,,,NNNNYNNNNNNNNNNNNNNNNNNNNNNNNN,,,667.0,,PST,Y,C,NNNNNNNN,,,,,,,,POINT (-123.755405 45.7039986)
USGS,14306500,"ALSEA RIVER NEAR TIDEWATER, OR",ST,442310.0,1234950.0,44.3859538,-123.831778,M,U,NAD27,NAD83,41,41,41,US,  NWNWS06 T14S  R09W  W,,,48.16,L,0.1,NGVD29,17100205,,,YNNNYNNNNNNNNNNNNNNNNNNNNNNNNN,,,334.0,,PST,Y,C,NNNNNNNN,,,,,,,,POINT (-123.831778 44.3859538)
USGS,14307620,"SIUSLAW RIVER NEAR MAPLETON, OR",ST,440345.0,1235255.0,44.06234317,-123.8831659,M,U,NAD27,NAD83,41,41,39,US,  SWNWS27 T17S  R10W  W,,,41.0,M,20.0,NGVD29,17100206,,,NNNNYNNNNNNNNNNNNNNNNNNNNNNNNN,,,588.0,,PST,Y,C,NNNNNNNN,,,,,,,,POINT (-123.8831659 44.06234317)
USGS,14321000,"UMPQUA RIVER NEAR ELKTON, OR",ST,433510.0,1233315.0,43.5859502,-123.5553727,M,U,NAD27,NAD83,41,41,19,US,    NWS08 T23S  R07W  W,,,90.42,L,0.1,NGVD29,17100303,,,NNNNYNNNNNNNNNNNNNNNNNNNNNNNNN,,,3683.0,,PST,Y,C,NNNNNNNN,,,,,,,,POINT (-123.5553727 43.5859502)
USGS,14372300,"ROGUE RIVER NEAR AGNESS, OR",ST,423534.0,1240343.2,42.59277778,-124.062,N,S,NAD83,NAD83,41,41,15,US,      S31 T034S R011W,Agness,24000.0,119.0,N,10.0,NAVD88,17100310,,,NNNNYNNNNNNNNNNNNNNNNNNNNNNNNN,,,3939.0,,PST,Y,C,NNNNNNNN,,,,,,,,POINT (-124.062 42.59277778)
USGS,15024800,STIKINE R NR WRANGELL AK,ST,564229.0,1320749.0,56.7079243,-132.1319708,M,T,NAD27,NAD83,2,2,275,US,  SESES35 T059S R084E C,PETERSBURG C-1,63360.0,10.4,X,0.1,NAVD88,19010207,,,NNNNYNNNNNNNNNNNNNNNNNNNNNNNNN,,,19630.0,,AKST,Y,,NNNNNNNN,,,,,,,,POINT (-132.1319708 56.7079243)
USGS,15041200,TAKU R NR JUNEAU AK,ST,583219.0,1334200.0,58.538611,-133.7,M,T,NAD27,NAD83,2,2,110,US,LOT 1S33 T038S R071E,Taku River C-6 SE,24000.0,-2.1,X,0.1,NAVD88,190103040706,,,NNNNYNNNNNNNNNNNNNNNNNNNNNNNNN,,,6500.0,,AKST,Y,,NYNNNNNNNNNNNNNNNNNN,,,,,,,,POINT (-133.7 58.538611)
USGS,15049900,GOLD C NR JUNEAU AK,ST,581826.0,1342312.0,58.3068952,-134.388436,M,S,NAD27,NAD83,2,2,110,US,NWNENWS24 T041S R067E C,JUNEAU B-2,63360.0,250.0,M,50.0,NGVD29,19010301,,,NNNNNNNNNNNNNNNNNNNNNNNNNNNNNN,,,8.9,,AKST,Y,,NNNNNNNN,,,,,,,,POINT (-134.388436 58.3068952)
USGS,15085100,OLD TOM C NR KASAAN AK,ST,552344.0,1322425.0,55.3951944,-132.4086268,M,S,NAD27,NAD83,2,2,198,US,  NWSWS06 T075S R086E C,CRAIG B-2,63360.0,10.0,M,50.0,NGVD29,19010103,,,NNNNNNNNNNNNNNNNNNNNNNNNNNNNNN,,,6.3,,AKST,Y,C,NYNNNNNN,,,,,,,,POINT (-132.4086268 55.3951944)
USGS,15214000,COPPER R AT MILLION DOLLAR BRIDGE NR CORDOVA AK,ST,604018.0,1444441.0,60.671667,-144.744722,M,T,NAD27,NAD83,2,2,63,US,SENESES07 T014S R004E C,Cordova C-2 NW,24000.0,4.9,X,0.1,NAVD88,190201041207,,,YNNNYNNNNNNNNNNNNNNNNNNNNNNNNN,,,24030.0,,AKST,Y,,NYNNNNNNNNNNNNNNNNNN,,,,,,,,POINT (-144.744722 60.671667)
USGS,15237360,SAN JUAN R NR SEWARD AK,ST,594905.0,1475300.0,59.8174965,-147.88541861,M,U,NAD27,NAD83,2,2,63,US,S22 T004S R009E,Blying Sound D-3 SE,24000.0,36.0,N,1.0,NAVD88,190202030409,,,NNNNNNNNNNNNNNNNNNNNNNNNNNNNNN,,,11.9,,AKST,Y,,NNNNNNNNNNNNNNNNNNNN,,,,,,,,POINT (-147.88541861 59.8174965)
USGS,15241600,NINILCHIK R AT NINILCHIK AK,ST,600254.3,1513953.7,60.04841667,-151.6649167,G,5,NAD83,NAD83,2,2,122,US,SWSENES34 T001S R014W S,KENAI A-5SE,25000.0,25.0,M,8.0,NGVD29,19020301,,,NNNNNNNNNNNNNNNNNNNNNNNNNNNNNN,,,135.0,,AKST,Y,,NYNNNNNN,,,,,,,,POINT (-151.6649167 60.04841667)
USGS,15266300,KENAI R AT SOLDOTNA AK,ST,602839.0,1510446.0,60.4775,-151.079444,M,T,NAD27,NAD83,2,2,122,US,LOT 5S32 T005N R010W,Kenai B-3 NW,24000.0,40.4,X,0.1,NAVD88,190203021806,,,NNNNYNNNNNNNNNNNNNNNNNNNNNNNNN,,,2020.0,,AKST,Y,,NYNNNNNNNNNNNNNNNNNN,,,,,,,,POINT (-151.079444 60.4775)
USGS,15284000,MATANUSKA R AT PALMER AK,ST,613633.0,1490415.0,61.60862507,-149.0730639,M,T,NAD27,NAD83,2,2,170,US,      S34 T018N R002E,Anchorage C-6 SW,24000.0,185.2,X,0.1,NAVD88,19020402,,,NNNNYNNNNNNNNNNNNNNNNNNNNNNNNN,,,2060.0,,AKST,Y,C,NYNNNNNN,,,,,,,,POINT (-149.0730639 61.60862507)
USGS,15294350,SUSITNA R AT SUSITNA STATION AK,ST,613241.0,1503045.0,61.5441796,-150.5147329,M,S,NAD27,NAD83,2,2,170,US,NWSESES22 T017N R007W S,TYONEK C-2,63360.0,40.0,U,10.0,NGVD29,19020505,,C,YNNNYNNNNNNNNNNNYNNNNNNNNNNNNN,,20130415.0,19360.0,,AKST,Y,,NYNNNNNN,,,,,,,,POINT (-150.5147329 61.5441796)
USGS,15302500,NUSHAGAK R AT EKWOK AK,ST,592057.0,1572823.0,59.3484391,-157.4752426,M,U,NAD27,NAD83,2,2,70,US,,,,90.0,M,10.0,NGVD29,19030303,,,NNNNNNNNNNNNNNNNNNNNNNNNNNNNNN,,,9840.0,,AKST,Y,,NNNNNNNN,,,,,,,,POINT (-157.4752426 59.3484391)
USGS,15880000,COLVILLE R NR NUIQSUT AK,ST,700956.0,1505500.0,70.1652244,-150.9197605,M,U,NAD27,NAD83,2,2,185,US,,,,10.0,U,5.0,NGVD29,19060304,,,NNNNNNNNNNNNNNNNNNNNNNNNNNNNNN,,,20670.0,,AKST,Y,,NNNNNNNN,,,,,,,,POINT (-150.9197605 70.1652244)
USGS,15896000,KUPARUK R NR DEADHORSE AK,ST,701654.0,1485735.0,70.2813799,-148.962861,M,T,NAD27,NAD83,2,2,185,US,    NES25 T011N R012E U,BEECHY POINT B-4,63360.0,3.61,L,0.01,NAVD88,19060401,,,NNNNYNNNNNNNNNNNNNNNNNNNNNNNNN,,,3340.0,,AKST,Y,,NNNNNNNN,,,,,,,,POINT (-148.962861 70.2813799)
